Question,Answer
Kapan Kenaikan gaji,"Gaji biasanya sudah dapat diambil diatas tanggal 5 setiap bulannya, jika gaji belum masuk diatas tanggal tersebut maka adanya permasalahan. mohon untuk segera melaporkan hal tersebut ke kantor bayar terdekat atau langsung ke kantor asabri untuk ditindaklanjuti permasalahannya."
Berapa lama proses pengajuan berkas,"Proses pengajuan berkas bervariasi lamanya, bisa 1 - 2 minggu, tergantung apakah berkas peserta sudah lengkap atau tidak. Jika proses sudah selesai maka asabri akan menelepon peserta untuk mengembalikan sk pensiun "
Apa bisa berkas persyaratan dikirim saja,"Bisa, berkas persyaratan dapat dikirim melalui pengiriman dengan alamat kantor asabri terdekat"
apa bisa berkas dikirim lewat whatapp,"bisa, peserta dapat mengirimkan berkas lewat call center cabang masing-masing. Namun peserta tetap harus mengirimkan berkas aslinya ke kantor asabri. "
berapa nominal uang yang didapatkan dari santunan biaya pemakaman SBP,"Manfaat Santunan Biaya Pemakaman Istri/ Suami (SBPI/S). Ditetapkan sebesar Rp 3.000.000,00 (tiga juta rupiah). Hak SBPI/S diberikan apabila istri/suami peserta dinikahi sebelum peserta pensiun serta telah dan masih masuk dalam tunjangan keluarga."
berapa nominal uang yang didapatkan dari Uang Duka Wafat UDW,Uang Duka Wafat (UDW) diberikan sebesar tiga kali gaji pokok terakhir.Untuk informasi lebih lanjut dapat langsung menghubungi call center Asabri atau langsung ke kantor Asabri
berapa nominal uang yang didapatkan dari Tunjangan Istri,Untuk informasi lebih lanjut dapat langsung menghubungi call center Asabri atau langsung ke kantor Asabri
berapa nominal uang yang didapatkan dari Tunjangan anak,Untuk informasi lebih lanjut dapat langsung menghubungi call center Asabri atau langsung ke kantor Asabri
Kenapa gaji yang masuk berkurang jumlahnya,"Gaji berkurang terjadi ketika tunjangan pada anak yang terputus. Mohon untuk mengingat kembali tunjangan anak, karena peserta terkadang lupa untuk memperpanjang tunjangan anak. "
bagaimana batasan pensiunan menikah lagi,"Tidak ada, namun istri dari pesserta tersebut harus hanya satu tidak boleh lebih."
Berapa call center asabri ,call center 1500 043
Bagaimana cara registrasi peserta baru ASABRI Mobile,"cara registrasi peserta baru ASABRI Mobile
a)Unduh aplikasi asabri mobile di playstore dan appstore
b)Buka aplikasi lalu pilih menu akun
c)Pilih daftar
d)Masukkan no KPA (KTPA) / Nopens dan NRP/NIP
e)Tinjau Data anda. Pilih lanjut jika data yang tercantum benar 
f)Masukan nomor hp anda dan lakukan swa foto dengan KTP
g)Masukan kode OTP yang telah dikirim melalui SMS ke nomor yang anda daftarkan
h)buat PIN Anda
i)Konfirmasi PIN Anda
j)Selesai. Silahkan login dengan PIN Anda"
Apa kelebihan dari Asabri bagi pensiunan,"kelebihan dari Asabri bagi pensiunan
a)Hak pensiun
b) Simulasi Premi
c) Registrasi menjadi lebih mudah
d) Formulir pengajuan layanan"
Apa kelebihan dari Asabri bagi peserta aktif,"kelebihan dari Asabri bagi peserta aktif
a) Registrasi menjadi lebih mudah
b) Formulir pengajuan layanan
c) KTPA dari asabri mobile"
Bagaimana cara perekaman wajah untuk melakukan Autentikasi digital,"cara perekaman wajah untuk melakukan Autentikasi digital
a)Mengunjungi Kantor Cabang ASABRI terdekat dan Mitra Bayar dengan membawa KTP, Kartu pensiun atau buku pensiun, kartu keluarga (Khusus penerima pensiun Warakawuri/janda/duda dan penerima pensiun yatim-piatu)
b) Pendaftaran melalui WhatsApp penerima pensiun dapat mengirimkan dokumen Swafoto, KTP, kartu pensiun atau buku pensiun dan kartu keluarga melalui Whatsapp (0812) 1113-559"
Apa itu autentikasi,Autentikasi adalah kewajiban penerima pensiun secara berkala untuk hadir secara fisik menyatakan dirinya masih berhak atas uang pensiun berdasarkan kategori yang telah ditentukan. Autentikasi bertujuan menverifikasi identitas pensiun dan dapat dilakukan di seluruh mitra bayar Asabri
Bagaimana proses autentikasi berdasarkan kategori,"- Autentikasi Balunan
a)Diberikan setiap bulan kepada penerima tunjangan Yatim/ Piatu, yatim-piatu, tunjangan orang tua, pensiunan terbatas
b)Bila penerima tunjangan tidak hadir ke kantor bayar maka dapat bulan berikutnya tidak terbit
- Autentikasi 3 Bulanan
a)Diberlakukan setiap tiga bulan sekali kepada penerima tunjangan bersifat pensiun. Penerima pensiun sendiri, penerima pensiun Wakawuri /janda/duda
b)Setelah melakukan autentikasi, pensiunan dibebaskan autentikasi selama dua bulan berturut turut
c)Bila penerima pensiun tidak hadir saat jadwal autentikasi diberlakukan, maka dapat bulan berikutnya tidak terbit"
Apa website Asabri,Website Asabri adalah www.asabri.co.id
Kenapa gaji belum masuk,"Alasan gaji belum masuk dipengaruhi beberapa faktor. Faktor yang pertama dikarenakan peserta melupakan kewajibannya dalam Autentikasi digital, yang kedua peserta melupakan kewajiban enrollment, dan yang ketiga melupakan kewajiban dalam lapor SPTB. Untuk mengetahui lebih lanjut bisa langsung mengunjungi kantor asabri terdekat atau mitra bayar peserta masing - masing"
Bagaimana mengganti nomor pada Asabri Mobile?,"Untuk mrngganti nomor dari aplikasi Asabri Mobile bisa langsung ke Kantor asabri terdekat atau mitra bayar peserta masing masing dengan membawa kartu pensiun/buku pensiun peserta. Jika peserta mengalami kendala jarak bisa ke kontak wa 0822-8228-0600. Dengan menyebutkan Nama, Nopens/NRP dan Nomor Telepon yang baru."
Dimana alamat kantor pusat/ cabang utama asabri,"kantor pusat asabri berada di Jl. Mayjen Sutoyo, No. 11, Jakarta 13630. Telepon (021) 8094140
Link Maps https://goo.gl/maps/HY7DF3LoK5ecFgyS8"
Apa email asabri,Email aktif asabri adalah asabri@asabri.co.id
Apa social media asabri,"Twitter : @asabri_offircial
Facebook : asabri_official
Youtube : @asabriofficial5386
Instagram :@asabri_official"
Dimana alamat kantor cabang denpasar,"kantor cabang Denpasar berada di Jl. Hang Tuah No.8 Kel. Renon
Telp. (0361) 238167
Link Maps https://goo.gl/maps/PT7bykndNoVxJqjH6"
Dimana alamat kantor cabang kupang,"kantor cabang Kupang berada di Jl. Jend. Soeharto No.110, Kel. Oepura
Telp. (0380) 8555133
Link Maps https://goo.gl/maps/CfDcY1ymwc4X3sRHA"
Dimana alamat kantor cabang mataram,"kantor cabang Mataram berada di Jl. Panji Tilar Negara No.97 B, Kel. Kekalik Jaya
Telp. (0370) 636400
Link Maps https://goo.gl/maps/hhg9r4VeKPK5nUUG7"
Dimana alamat kantor cabang ambon,"Kantor Cabang Ambon berada di Jl. dr. Kayadoe SK No. 20 Kel. Kudamati.
Telp. (0911) 311353
Link Maps https://goo.gl/maps/rgGH5xYKS6H9qh4X7"
Dimana alamat kantor cabang jayapura,"Kantor Cabang Jayapura berada di Jl. Raya Sentani Waena, Jayapura
Telp. (0967) 571209
Link Maps https://goo.gl/maps/aqyDXGQf9mHyDZAz9"
Dimana alamat kantor cabang sorong,"Kantor Cabang Sorong berada di Jl. Basuki Rahmat KM. 10,5 Kel. Klawuyuk
Telp. (0951) 325886
Link Maps https://goo.gl/maps/WuKfajXkxatioxsQ9"
Dimana alamat kantor cabang Ternate,"Kantor Cabang Ternate berada di Jl. Raya Kayu Merah Ruko No. 1 (Depan Water Boom). Telp. (0921) 3127853
Link Maps https://goo.gl/maps/T9rteCbn11JnDBJr6"
Dimana alamat kantor cabang bandung,"Kantor Cabang Bandung berada diJl. Citarum No. 6 Kel. Cihapit. Telp. (022) 7103177
Link Maps https://goo.gl/maps/oTSJg8hpKsejJSeB6"
Dimana alamat kantor cabang cirebon,"Kantor Cabang cirebon berada di Jl. DR. Sudarsono No. 10 Kel. Kesambi. Telp. ( 0231) 8336668
Link Maps https://goo.gl/maps/SSMaB1WFDpop77XK8"
Dimana alamat kantor cabang madiun,"Kantor Cabang madiun berada diJl. Jenderal Urip Sumoharjo No.108, Kel. Manguharjo. Telp. (0351)4472450
Link Maps https://goo.gl/maps/FRhigVaXqWsS8NFo9"
Dimana alamat kantor cabang malang,"Kantor Cabang Malang berada di Ruko Raden Intan Square Kav. 74/I, Arjosari, Blimbing Kota Malang Jawa Timur, Jl. Raden Intan, Kel. Arjosari. Telp. (0341) 412645
Link Maps https://goo.gl/maps/LT3GDppjePDeNV9i8"
Dimana alamat kantor cabang semarang,"Kantor Cabang Semarang berada di Jl. Perintis Kemerdekaan No. 3 Pudakpayung Banyumanik Semarang Jawa Tengah. Telp. (024) 7475049
Link Maps https://goo.gl/maps/kKjLtys4Ndm7t77o8"
Dimana alamat kantor cabang serang,"Kantor Cabang Serang berada di Jl. Maulana Yusuf, Ruko Taman Sari No. 2, Kel.Cimuncang. Telp. (0254) 201106
Link Maps https://goo.gl/maps/sNCjqqqGCS5nDMqn8"
Dimana alamat kantor cabang surabaya,"Kantor Cabang Surabaya berada di Jl. Gayungan PTT No. 43 Kel. Gayungan, Kec. Gayungan, Surabaya
Link Maps https://goo.gl/maps/Tx4ava6g2xisA2ks6"
Dimana alamat kantor cabang yogyakarta,"Kantor Cabang Yogyakarta berada di Jl. Kebon Agung No.354, Area Sawah, Kel. Tlogoadi. Telp. (0274) 869454
Link Maps https://goo.gl/maps/vzW8FVStfnVvs8PS9"
Dimana alamat kantor cabang balikpapan,"Kantor Cabang Balikpapan berada di Jl. Sudirman No. 85 Kel. Dama Bahagia. Telp. (0542) 424737
Link Maps https://goo.gl/maps/MWKXwgQfQMUL89N77"
Dimana alamat kantor cabang banjarmasin,"Kantor Cabang Banjarmasin berada di Jl. A.Yani Km.33 Kel. Loktabat Selatan. Telp. (0511) 4783820
Link Maps https://goo.gl/maps/fxcehC2p4tQ4kui9A"
Dimana alamat kantor cabang palangkaraya,"Kantor Cabang Palangkaraya berada di Jl. G. Obos No.21, Kel. Menteng. Telp. 05364200160
Link Maps https://goo.gl/maps/oAUPV6pk4UcCanbZ9"
Dimana alamat kantor cabang pontianak,"Kantor Cabang Pontianak berada di Jl. Supadio KM.16 No.1B Kel. Arang Limbung. Telp. (0561) 733083
Link Maps https://goo.gl/maps/BoDSxcaKecpQxwXC7"
Dimana alamat kantor cabang kendari,"Kantor Cabang Kendari berada di Jl. DI Panjaitan Kompleks Ruko Square No.18, Kel. Lepo-Lepo. Telp. 04013197942
Link Maps https://goo.gl/maps/HEGVXJqL6doTgFcEA"
Dimana alamat kantor cabang makassar,"Kantor Cabang Makassar berada di Jl. A.P. Pettarani No. 21, Makassar. Telp. (0411) 432147. 
Link Maps https://goo.gl/maps/gnyxSWaThj5yCuZ76"
Dimana alamat kantor cabang manado,"Kantor Cabang Manado berada di Jl. Pogidon No. 58, Kel. Mahawu. Telp. (0431) 847094
Link Maps https://goo.gl/maps/AtjitD9G1CdXp4Um8"
Dimana alamat kantor cabang palu,"Kantor Cabang Palu berada di Jl. Tanjung Dako No.22C, Kel. Lolu Selatan. Telp. (0451) 421040
Link Maps https://goo.gl/maps/yUNwwitM2dSUYmKN7"
Dimana alamat kantor cabang banda aceh,"Kantor Cabang Banda Aceh berada di Jl. Cut Nyak Dien No. 27A Kel. Ajun. Telp. (0651) 43267
Link Maps https://goo.gl/maps/BgQfqUGueDQU8UzZA"
Dimana alamat kantor cabang batam,"Kantor Cabang Batam berada di Jalan Sudirman Ruko Plamo Garden Blok D No.5 Kel. Baloi Permai. Telp. (0778) 468681
Link Maps https://goo.gl/maps/9oaZRG7rp3Z2aaMs9"
Dimana alamat kantor cabang bengkulu,"Kantor Cabang Bengkulu berada di Jl. H. Adam Malik Kel. Cempaka Permai. Telp. (0736) 5612725
Link Maps https://goo.gl/maps/uty9HX23WbN7Jyd59"
Dimana alamat kantor cabang lampung,"Kantor Cabang Lampung berada di Jl. Zainal Abidin Pagar Alam no.32D Kel.Gedong Meneg. Telp. (0721) 787302
Link Maps https://goo.gl/maps/QPYkLtPKzvomKx759"
Dimana alamat kantor cabang lhokseumawe,"Kantor Cabang Lhokseumawe berada di Jl. Panglateh No.5-6, Kel. Simpang Empat. Telp. (0645) 49176
Link Maps https://goo.gl/maps/DDazncz4MFRsibBn9"
Dimana alamat kantor cabang medan,"Kantor Cabang Medan berada di Komplek Griya Riatur Indah Jl. T. Amir Hamzah Kel. Helvetia Timur. Telp. (061)8460675
Link Maps https://goo.gl/maps/xqB22janVuWiaEap8"
Dimana alamat kantor cabang padang,"Kantor Cabang Padang berada di Jl. Purus V No.3, Kel. Purus. Telp. (0751) 30021
Link Maps https://goo.gl/maps/ekaGkTtTSKJnWpPLA"
Dimana alamat kantor cabang palembang,"Kantor Cabang Palembang berada di Jl. Radial No. 3 A-B. Kel. 24 Iilir Palembang. Telp. (0711)361114
Link Maps https://goo.gl/maps/Eo2127WxfDBJsFNJ6"
Dimana alamat kantor cabang pekanbaru,"Kantor Cabang Pekanbaru berada di Jl. Nenas No.81B Kel. Jadirejo. Telp. (0761) 7891739
Link Maps https://goo.gl/maps/B4Eu8J2pEccdMgwq8"
Apa itu asabri,"Asabri merupakan Badan Usaha Milik Negara (BUMN). Asabri adalah perusahaan asuransi sosial wajib bagi seluruh prajurit TNI, Anggota Polri dan PNS, Kemhan, dan Polri. Dimana 100% saham dimiliki oleh negara."
Apa saja mitra kerja rumah sakit atau fasilitas kesehatan asabri,Asabri memiliki 132 mitra kerja rumah sakit yang tersebar luas di Indonesia. Untuk nama serta alamat dari mitra kerja rumah sakit secara lengkap bida dilihat pada website www.asabri.co.id dibagian halaman profil perusahaan.
Apa itu program THT atau tunjangan hari tua,"Program Tabungan Hari Tua (THT) adalah tabungan yang bersumber dari iuran peserta dan iuran Pemerintah beserta pengembangannya, yang diselenggarakan dengan tujuan untuk menjamin agar peserta menerima uang tunai pada saat yang bersangkutan berhenti, baik karena mencapai usia pensiun maupun bukan karena mencapai usia pensiun."
Apa manfaat THT atau tunjangan hari tua,"Manfaat program THT atau tunjangan hari tua, yaitu:
a.Tabungan Asuransi (TA)
b.Nilai Tunai Tabungan Asuransi (NTTA)
c.Biaya Pemakaman Peserta Pensiun (BPPP)
d.Biaya Pemakaman Istri atau Suami (BPI/S)
e.Biaya Pemakaman Anak (BPA)"
berapa iuran program THT atau tunjangan hari tua,"Iuran Program THT, terdiri atas:
a.Iuran peserta sebesar 3,25% (tiga koma dua puluh lima persen) dari penghasilan seriap bulan.
b.Iuran pemberi kerja akan diatur dengan peraturan pemerintah tersendiri."
Apa itu program  JKK atau jaminan kecelakaan kerja,Program Jaminan Kecelakaan Kerja (JKK) adalah perlindungan atas risiko kecelakaan atau penyakit akibat kerja selama masa dinas.
Apa manfaat JKK atau jaminan kecelakaan kerja,"Manfaat Program JKK, meliputi:
1.Perawatan
2.Santunan, meliputi:
a.Santunan Cacat Dinas Khusus (SCDK)
b.Santunan Cacat Dinas Biasa (SCDB)
c.Santunan Risiko Kematian Khusus Karena Gugur (SRKK-Gugur)
d.Santunan RIsiko Kematian Khusus Karena Tewas (SRKK-Tewas)
e.Biaya Pengangkutan Peserta Kecelakaan Kerja (Pengangkutan)
f.Bantuan Beasiswa (Beasiswa-JKK)"
berapa iuran program JKK atau jaminan kecelakaan kerja,"Iuran Program JKK
a.Iuran Program JKK sebesar 0,41% (nol koma empat puluh satu persen) dari gaji pokok peserta setiap bulan ditanggung oleh Pemberi Kerja. "
Apa itu program JKm atau Jaminan Kematian,Program Jaminan Kematian (JKm) adalah perlindungan atas risiko kematian bukan akibat kecelakaan kerja dan bukan karena dinas khusus.
Apa manfaat JKm atau jaminan kematian,"Manfaat Program JKm, diberikan kepada ahli waris dari peserta yang meninggal dunia biasa dalam status dinas aktif, terdiri atas :
a.Santunan Kematian Sekaligus (SKS)
b.Uang Duka Wafat (UDW)
c.Biaya Pemakaman (BP)
d.Bantuan Beasiswa (Beasiswa-JKm)"
berapa iuran program JKm atau jaminan kematian,"Iuran Program JKm
a.Iuran Program JKm sebesar 0,67% (nol koma enam puluh tujuh persen) dari gaji pokok peserta setiap bulan ditanggung oleh Pemberi Kerja."
Apa manfaat jaminan pensiun,"Manfaat Program Pensiun, meliputi: 
a.Jaminan Pensiun (JP)
b.Nilai Tunai Iuran Pensiun (NTIP)"
Apa saja jenis bayar jaminan pensiun,"Jenis bayar jaminan pensiun, yaitu:
a)PP (Pensiun Pertama)
b)Dapem (Pensiun Bulanan)
c)UKP (Uang Kekurangan Pensiun)
d)UDW (Uang Duka Wafat)"
Siapa saja jenis Penerima pensiun,"Jenis Penerima pensiun diterima oleh:
a)Sendiri : Jaminan sosial pemerintah yang diberikan sebagai penghargaan kepaa Prajurit TNI, Anggota Polri, PNS Kemhan/Polri yang diberhentikan dengan hormat dalam bentuk uang setiap bulan
b)Wari / janda / duda : Pensiun yang diberikan kepada janda atau duda dari peserta aktif maupun pensiun yang meninggal dubia dan masih terikat dalam perkawinan yang sah
c)Yatim / piatu : Tunjangan yang diberikan kepada anak sah dalam tunjangan dari peserta setelah bapak dan ibunya meninggal dunia.
d)Orang tua : Tunjangan yang diberikan kepada orang tua dari peserta yang meninggal dunia karena tewas/gugur atau meninggal karena dinas dan tidak meninggalkan suami atau istri atau anak."
Apa itu program PUM KPR,"PUM KPR Adalah sejumlah uang sebagai pinjaman tanpa bunga untuk mendapatkan kredit pemilikan rumah yang diberikan kepada Prajurit, Anggota Polri, PNS Kemhan, dan PNS Polri."
Apa manfaat program PUM KPR,"PUM KPR digunakan untuk :
1.Kredit Pemilikan Rumah (KPR)
2.Pembangunan rumah di lahan milik sendiri
3.Pembelian rumah secara mandiri atau tunai"
Apa syarat program PUM KPR,"Persyaratan :
a.Belum memiliki rumah pribadi.
b.Belum pernah mengambil PUM KPR/BUM KPR yang dikelola YKPP.
c.Bersedia diperhitungkan dengan hak – hak asuransinya melalui pemotongan:
d.Tabungan Hari Tua (THT)
e.Jaminan Kecelakaan Kerja (JKK)
f.Jaminan Kematian (JKM) dan atau
g.Nilai Tunai Iuran Pensiun (NTIP)"
Berapa besaran yang didapat program PUM KPR,"Besaran yang didapat dalam program ini, yaitu:
Pangkat/Golongan Besaran PUM
Tamtama/ASN GOL I Rp 20.000.000
Bintara/ASN GOL II Rp 25.000.000
Pama/ASN GOL III Rp 30.000.000
Pamen/ASN GOL IV/A-C Rp 35.000.000
Pati/ASN Gol IV/D-E Rp 40.000.000"
Apa program jaminan polis,"Pinjaman Polis Adalah pinjaman dana yang diberikan kepada peserta Asabri (pensiun) dengan jangka waktu 12 bulan s.d 36 bulan.
Keterangan :
a.Biaya Administrasi Rp. 100.000,- (setelah proses pencairan / realisasi)
b.Pinjaman Polis diberikan maximal 70% dari nilai manfaat.
c.Besaran angsuran setiap bulan maximal 30% dari gaji atau uang pensiun"
Siapa kepesertaan dalam program asabri," Kepesertaan asabri dibagi menjadi 2, yaitu :
1.Program THT, JKK, JKM : Dengan peserta yaitu Prajurit TNI, Anggota Polri, PNS Kemhan, CPNS Kemhan, PNS Polri, CPNS Polri, PPPK Kemhan, PPPK Polri.
2.Program Pensiun : Prajurit TNI, Anggota Polri, PNS Kemhan, CPNS Kemhan, PNS Polri, CPNS Polri. "
bagaimana metode pengajuan klaim,"Metode pengajuan Klaim yaitu 
a)Pengajuan manual ke kantor cabang
b)Pengajuan manual via ekspedisi
c)Asabri link di mitra bayar
d)Mall pelayanan publik (MPP)"
Apa saja mitra bayar asabri,"Mintra bayar asabri yaitu 
1.POS Indonesia 
2.Bank Woori Saudara (BWS)
3.Bank BRI
4.Bank BTPN
5.Bank BJB
6.Bank BTN
7.Bank Mandiri Taspen
8.KB Bukopin
9.Bank Bumi Arta
10.Bank BSI
11.Bank BNI
12.Bank Jatim 
13.Bank Jateng"
Berapa nomor WA atau Whatapp call center asabri,"Whatapp (16.00 - 07.00 WIB)
a.Pensiun : 0812-82371519
b.Asuransi : 0812-82371518
c.Perawatan : 08111622133"
Apa itu pensiun warakawuri / janda,"Pensiun warakawuri / janda merupakan peserta Asabri yang menerima gaji dari pensiunan suami / istri anggota Asabri. Biasanya yang anggota Asabri telah meninggal, sehingga gaji dipindah tangankan kepada istri / suami karena masih berhak menerima uang pensiunan."
Apa persyaratan pensiun warakawuri /  janda,"persyaratan pensiun warakawuri /  janda
1.Formulir Pengajuan ybs (Terlampir)
2.Asli & Fotocopy  Skep Pensiun 
3.Fotocopy akte kematian dari Catatan Sipil yang dilegalisir
4.Asli surat keterangan Janda diketahui Lurah /Kades (terlampir) 
5.Fotocoy KPI/Karis /Karsu
6.Fotocopy surat Nikah
7.Pasphoto Janda terbaru tanpa topi & kacamata (4x6cm) latar biru 4 lbr
8.Asli surat ket. kuliah (jika anak berusia 21-25 thn) 
9.Fotocopy buku / kartu pensiun 
10.Fotocopy KTP pemohon
11.Fotocopy KK 
 Catatan : Seluruh persyaratan dibuat 1(satu) rangkap"
Apa persyaratan tunjangan orang tua,"persyaratan tunjangan orang tua
1. Formulir Pengajuan ybs (Terlampir)    
2. Asli & Fotocopy  Skep Pensiun          
3. Fotocopy akte kematian dari Catatan Sipil  
4. Asli surat keterangan Janda diketahui Lurah  
5. Fotocopy surat Nikah
6. Pasphoto Janda ybs. Terbaru tanpa topi dan kacamata ukuran 4x6 cm warna 
 7. Asli buku pensiun
  8.Fotocopy KTP pemohon   "
Apa persyaratan SPPI Purn dan tunjangan isteri,"persyaratan SPPI Purn dan tunjangan isteri
1.Formulir Pengajuan ybs (Terlampir)
2.Surat ket. kematian / cerai Istri Pertama
3.Surat ket. status Istri kedua sebelum menikah  (janda/gadis)
4.Surat keterangan cerai / surat kematian suami dari istri baru
5.Asli dan Fotocopy surat Nikah 
6.Pasphoto gandeng ukuran 4x6 tanpa topi latar belakang biru
7.Fotocopy buku pensiun
8.Fotocopy Skep pensiun
9.Asli dan Fotocopy KPI yang lama
10.Fotocopy KTP suami istri
11.Surat permohonan di ketahui ASABRI (Terlampir)    
12. Fotocopy Kartu keluarga yang baru  "
Apa persyaratan tunjangan yatim piatu,"persyaratan tunjangan yatim piatu
1.Formulir Pengajuan ybs (terlampir)
2.Asli dan fotocopy Skep pensiun
3.Fotocopy akte kematian dari Catatan Sipil 
4.Surat keterangan kuasa ahli waris dari Lurah (terlampir)
5.Surat keterangan belum menikah dari Lurah (terlampir)
6.Fotocopy KTP
7.Fotocopy Akte Kelahiran
8.Pasphoto tanpa topi dan kacamata latar Biru (4x6)   
9.Asli surat keterangan kuliah terbaru
10. Surat pernyataan penghentian pembayaran dari kantor bayar"
Apa persyaratan menghapus tunjangan istri,"persyaratan menghapus tunjangan istri
1. Formulir Pengajuan ybs (terlampir)  
2. Fotocopy Surat keterangan cerai / akte kematian yang dilegalisir 
3. Fotocopy buku pensiun      
4. Fotocopy Skep pensiun      
5. Fotocopy KTP"
bagaimana jika buku pensiun asabri hilang,"Untuk penggantian buku pensiun yang hilang bisa melakukan pengajuan dengan membawa beberapa persyaratan dari asabri.
persyaratan yang bisa dibawa yaitu :
  1.   Formulir Pengajuan ybs (terlampir)   
  2.   Surat keterangan hilang buku pensiun dari kepolisian  
  3.   Fotocopy skep pensiun       
  4.   Fotocopy KTP        
  5.   Pasphoto terbaru ukuran 4x6 tanpa topi dan kacamata 4 lbr latar biru   "
apa persyaratan penggantian buku pensiun karena hilang,"persyaratan penggantian buku pensiun karena hilang 
 1.   Formulir Pengajuan ybs (terlampir)   
  2.   Surat keterangan hilang buku pensiun dari kepolisian  
  3.   Fotocopy skep pensiun       
  4.   Fotocopy KTP        
  5.   Pasphoto terbaru ukuran 4x6 tanpa topi dan kacamata 4 lbr latar biru   "
apa persyaratan pensiun perwalian,"persyaratan pensiun perwalian
1.Formulir Pengajuan a.n. wali 
2.Asli dan fotocopy Skep pensiun 
3.Fotocopy legalisir Akte Kematian Orang tua dari Catatan Sipil (legalisir)
4.Fotocopy surat Nikah a.n. orang tua
5.Surat keterangan pengampuh (perwalian) dari Pengadilan Agama (Legalisir Pengadilan)
6.Fotocopy akte kelahiran a.n. anak legalisir capil
7.Asli surat keterangan bahwa anak belum bekerja dari Lurah
8.Asli surat sekolah a.n. anak yatim piatu
9.Fotocopy kartu pensiun
10.Fotocopy KTP a.n. Wali
11.Surat Pernyataan terakhir bayar dari kantor bayar  (terlampir)
12.Pasphoto a.n. Wali Uk. 4x6 tanpa topi dan kacamata, latar belakang biru (4 lbr)"
apa syarat pendaftaran isteri dan tunjangan istri,"syarat pendaftaran isteri dan tunjangan istri
1. Formulir Pengajuan ybs (Terlampir)
2. Surat ket. kematian / cerai Istri Pertama (Legalisir)    
3. Surat ket. status Istri kedua sebelum menikah 
4. Fotocopy surat Nikah
5. Pasphoto gandeng ukuran 4x6 tanpa topi warna  latar biru
6. Surat pernyataan tanda bukti diri / SPTB (Terlampir)    
7. Fotocopy buku pensiun
8.  Fotocopy Skep pensiun
9. Fotocopy carik dapem / slip gaji 
10. Asli dan Fotocopy Karis/Karsu 
11. Fotocopy KTP suami istri
12.     Formulir pendaftaran isteri (Terlampir)"
Apa persyaratan Santunan Biaya Pemakaman (SBP) dan Uang Duka Wafat Pensiun Warakawuri atau Janda ,"persyaratan Santunan Biaya Pemakaman (SBP) dan Uang Duka Wafat Pensiun Warakawuri atau Janda 
1.Formulir Pengajuan (Terlampir)
2.Asli kartu tanda peserta ASABRI (KTPA)
Jika hilang/tidak ada  agar melampirkan surat ket. hilang dari Kepolisian setempat) 
3.Asli & Fotocopy Skep Pensiun
4.Asli Surat Keterangan Janda diketahui Lurah (Terlampir)
5.Asli surat Keterangan Ahli Waris/Kuasa Ahli Waris dari Lurah (Terlampir)
6.Fotocopy akte kematian dari Catatan Sipil yang dilegalisir / Surat kematian dari Lurah
7.Fotocopy Surat nikah 
8.Fotocopy KPI/Karis/Karsu 
9.Fotocopy KTP ahliwaris (istri) yang masih berlaku
10.Fotocopy KK (Alm dan ahli waris)
11.Fotocopy Buku Pensiun (halaman depan dan belakang)     
12.Pasfoto janda ybs terbaru tanpa topi & kacamata, latar biru, 4x6 cm (4lbr)
13.Asli dan fotocopy Surat Keterangan Kuliah (jika memiliki anak usia 21-25 th)
14.Fotokopi Bintang Jasa NARARYA (Jika ada) "
Apa persyaratan santunan biaya pemakaman (sbp) peserta taspen,"persyaratan santunan biaya pemakaman (sbp) peserta taspen
1.Formulir Pengajuan (Terlampir)
2.Asli surat Ket. Ahli Waris/Kuasa Ahli Waris dari Kelurahan
3.Fotocopy Skep Pensiun
4.Fotocopy KARIP
5.Fotocopy akte kematian dari Catatan Sipil yang dilegalisir / Surat kematian dari Lurah
6.Asli kartu tanda peserta ASABRI (KTPA), Jika hilang/tidak ada 
Agar melampirkan surat ket. hilang dari Kepolisian setempat 
7.Fotocopy Surat nikah & KPI/Karis/Karsu  
8.Fotocopy Kartu Keluarga  (Alm dan ahli waris)
9.Fotocopy KTP ahliwaris yang masih berlaku
Fotocopy slip pembayaran Uang Duka dari Taspen "
Apa persyaratan peninjauan SK Pensiun untuk memasukkan tunjangan anak,"persyaratan peninjauan SK Pensiun untuk memasukkan tunjangan anak
1.Formulir Pengajuan ybs (terlampir)      
2.Asli dan fotocopy Skep Pensiun       
3.Fotocopy akte kematian dari Catatan Sipil yang dilegalisir    
4.Asli dan fotocopy Surat Ket. Janda dilegalisir lurah
5.Fotocopy KTP        
6.Fotocopy surat Nikah     
7.Fotocopy KPI / SPPI        
8.Fotocopy Akte kelahiran dilegalisir catatan sipil      
9.Surat keterangan anak belum menikah belum bekerja    
10.Fotocopy KK dilegalisir lurah      
Pasphoto uk 4x6 tanpa topi&kacamata latar belakang biru "
Apa syarat tunjangan anak masih kuliah,"syarat tunjangan anak masih kuliah
1.Formulir Pengajuan ybs (terlampir)
2.Fotocopy Skep pension
3.ASLI Surat Keterangan Kuliah 
4.Fotocopy Akta Kelahiran anak 
Fotocopy K T P orang tua "
Apa persyaratan pindah kantor bayar,"persyaratan pindah kantor bayar
1.Formulir Pengajuan (terlampir)     
2.Fotocopy Skep Pensiun       
3.Fotocopy Buku / Kartu Pensiun       
4.Fotocopy KTP alamat yang dituju / Surat Keterangan Pindah dari Catatan Sipil    
5.Fotocopy Buku Rek. Bank yang dituju     
6.Surat rekomendasi dari kantor bayar lama      
7.Menunjukkan ASLI Skep Pensiun kepada petugas"
Apa persyaratan alih status menjadi tidak menanggung,"persyaratan alih status menjadi tidak menanggung
1. Formulir Pengajuan (terlampir)  
2. ASLI surat keterangan / rekomendasi dari Instansi isteri
3. Fotocopy buku / kartu  pensiun      
4. Fotocopy Skep pensiun      
5. Fotocopy KTP "
Apa persyaratan Jaminan kematian JKM,"persyaratan Jaminan kematian JKM
1.Formulir Pengajuan Pembayaran (Terlampir)
2.Surat pengantar permohonan Uang Duka Wafat dari Satker       
3.Laporan kematian dari Satker kepada PDW         
4.Fotocopy surat  keterangan kematian dari Catatan Sipil yang dilegalisir
5.Fotocopy dilegalisir Slip Gaji Bentuk KU 107 pada bulan meninggal dunia    
6.Surat Keterangan ahliwaris diketahui oleh Ka. Satker (Terlampir)       
7.Asli Kartu Tanda Peserta ASABRI (KTPA) / surat keterangan hilang dari Kepolisian setempat
8.Fotocopy Skep Pengangkatan Pertama 
9.Fotocopy Surat Nikah 
10.KartuPetunjuk Isteri (KPI) 
11.Fotocopy KTP ahliwaris yang mengajukan permohonan yang masih berlaku 
12.Daftar Riwayat Hidup (Terlampir) diketahui Dansatminkal
13.Fotocopy Akte Lahir Anak-anak ybs dilegalisir Capil
14.Fotocopy KK Alm
Surat keterangan sekolah/kuliah anak yg masuk dalam tanggungan "
Apa persyaratan tabungan asuransi TA dan Pensiun pertama,"persyaratan tabungan asuransi TA dan Pensiun pertama
1.Formulir Pengajuan Pembayaran (Terlampir)
2.Asli Skep Pensiun Bentuk Piagam dan Asli Salinan SK Pensiun  
3.Fotocopy Skep Pengangkatan Pertama, dilegalisir Dansatminkal
4.Asli Surat Keterangan Pemberhentian Pembayaran (SKPP ) dari KPPN 
5.Fotocopy Kartu Tanda Peserta ASABRI ( KTPA ) 
6.Fotocopy KTP yang masih berlaku
7.Asli Riwayat Hidup Singkat ( RHS ) diketahui Komandan (Terlampir)
8.Fotocopy KK
9.Fotokopi NPWP
10.Fotocopy Surat Nikah & Kartu Petunjuk Isteri ( KPI ) 
11.Pasfoto Suami dan pasfoto Istri dg latar belakang biru, ukuran 4x6 cm (@ 4 lbr)
12.Asli Surat Keterangan Kuliah
13.Fotocopy Bintang Jasa Nararya"
Apa persyaratan Biaya pemakaman istri/ suami / anak peserta aktif,"persyaratan Biaya pemakaman istri/ suami / anak peserta aktif
1.Formulir Pengajuan (Terlampir) 
2.Fotocopy  Kartu Tanda Anggota/Kartu Pegawai          
3.Fotocopy surat  keterangan kematian dari Catatan Sipil yang dilegalisir 
4.Fotocopy Skep Pengangkatan Pertama dilegalisir Dansatminkal      
5.Fotocopy Daftar Tanggungan Keluarga (KU-01) 
6.Surat Keterangan Gaji (KU-107) pada saat bulan meninggal dari Juru Bayar   
7.Fotocopy kartu tanda peserta ASABRI (KTPA), 
Jika hilang/tidak ada Agar melampirkan surat ket. hilang dari Kepolisian setempat  
8.Fotocopy Surat nikah & KPI/Karis/Karsu
9.Fotocopy KTP 
Fotocopy KK Alm"
Apa persyaratan santunan cacat,"persyaratan santunan cacat
1.Formulir Pengajuan (Terlampir)
2.Fotocopy Skep Cacat dari Panglima / KAPOLRI 
3.Fotocopy Skep pengangkatan pertama 
4.Fotocopy Ku 107 bulan kejadian
5.Fotocopy Asli Kartu Tanda Peserta ASABRI ( KTPA ) 
6.Fotocopy KTP yang masih berlaku 
7.Fotocopy Riwayat Hidup Singkat ( RHS ) diketahui Komandan (Terlampir)
8.Fotocopy Surat Nikah & Kartu Petunjuk Isteri ( KPI ) 
9.Daftar Susunan keluarga (KU-I) dari Dansatminkal
10.Fotocopy KK"
Apa persyaratan santunan nilai tunai asuransi SNTA,"persyaratan santunan nilai tunai asuransi SNTA
1.Formulir Pengajuan Pembayaran, diketaui Ka. Satker (Terlampir)
2.Surat pengantar dari kesatuan
3.Asli Skep Pemberhentian 
4.Fotocopy Skep pengangkatan pertama 
5.Asli Surat Keterangan pemberhentian pembayaran ( SKPP ) dari KPPN
6.KU 107 (Daftar Gaji) di bulan diberhentikan
7.Asli Surat Keterangan keanggotaan dari Satker 
8.Asli Kartu Tanda Peserta ASABRI ( KTPA ) 
9.Fotocopy KTP yang masih berlaku 
10.Asli Riwayat Hidup Singkat ( RHS ) diketahui Komandan (Terlampir)
11.Fotocopy Surat Nikah & Kartu Petunjuk Isteri ( KPI ) 
12.Daftar Susunan keluarga (KU-I) dari Dansatminkal
13.Fotocopy KK
14.Foto sebadan ukuran postcard dengan latar belakang biru"
Apa persyaratan penggantian ktpa karena hilang," persyaratan penggantian ktpa karena hilang
1.Formulir Pengajuan (terlampir)
2.Fotocopy Surat keputusan pengangkatan pertama dilegalisir kesatuan 
3.Asli Surat Keterangan Hilang dari kepolisian setempat
4.Fotocopy Kartu Tanda Peserta ASABRI"
Apa persyaratan pengajuan KTPA baru,"persyaratan pengajuan KTPA baru
1.Formulir Pengajuan (Terlampir)
2.Fotokopi Skep Pengangkatan pertama legalisir kesatuan
3.Fotocopy Akte Kelahiran"
Apa persyaratan jaminan kecelakaan kerja JKK,"persyaratan jaminan kecelakaan kerja JKK
1.Formulir Pengajuan (terlampir)
2.Asli surat pengantar dari kesatuan 
3.Surat keterangan anggota aktif dari Kesatuan
4.Fotocopy Kartu ASABRI
5.Fotocopy SK pertama legalisir kesatuan
6.Fotocopy KTA
7.Fotocopy KTP
8.Fotocopy surat perintah dinas
9.Laporan kejadian kecelakaan kerja diketahui komandan
10.BAP dari kepolisian
11.Resume medis
12.Foto terbaru kondisi ybs
13.Asli kuitansi perawatan (rehabilitasi medik/obat) bermaterai 
(3000 utk <1jt / 6000 utk >1jt)
14.Rincian biaya Pengobatan (obat, tindakan, jasa dokter)
15.Fotocopy Rekening a.n. ybs
16.Lampiran C1 dan C2"
Apa lapor sptb,SPTB Merupakan suatu hak yang harus dilakukan oleh para peserta asabri untuk membuktikan bahwa peserta tersebut masih berhak menerima gaji
apa enrollment,enrollment merupakan perekaman wajah yang dilakukan setiap bulannya untuk membuktikan bahwa peserta tersebut masi berhak menerima gaji
 apa itu asabri mobile,"asabri mobile merupakan salah satu aplikasi yang digunakan para peserta asabri. Aplikasi ini memiliki banyak fungsi seperti Lapor SPTB, e-KTPA (peserta aktif), simulasi premi, berita terkini tentang asabri, dll."
Apa itu Asabri star,asabri star salah satu aplikasi yang digunakan para peserta asabri. Asabri Star digunakan untuk melakukan Autentikasi Digital atau perekaman wajah yang dilakukan setiap 1 bulan sekali.
Dimana melihat blangko persyaratan,"Untuk mengambil dan melihat persyaratan lainnya bisa dilihat pada google drive berikut : 
https://drive.google.com/drive/mobile/folders/11y33SOFWG9vdYYxfEJzyKo0GlBxi_Jth?fbclid=PAAaZ1a2yGgMH0NIvzGBGkFLZdrfzE4KdTpMYt5no7Hhf5WbXOk0udsRai1fg"
Bagaimana cara pengajuan penjaminan perawatan ke ASABRI,"Persyaratan penerbitan surat jaminan perawatan dari ASABRI yaitu:
1. Fotokopi KTA;
2. Fotokopi KTPA;
3. Asli surat pengantar dari kesatuan yang sudah ditandatangani komandan;
4. Asli surat kronologis kejadian kecelakaaan kerja yang sudah ditandatangani komandan; dan
5. Fotokopi surat keterangan masuk rawat dari RS.​"
apa saja syarat untuk mendapatkan KTPA pengganti untuk peserta aktif,"​Untuk saat ini Asabri sudah tidak mencetakkan Kartu Asabri secara fisik. Bagi peserta yang masih aktif silahkan dapat mengakses Kartu Peserta Asabri Elektronik melalui aplikasi Asabri Mobile Apps yang dapat didownload melalui aplikasi Play Store bagi pengguna android dan IOS.
*Bagi peserta pensiun sudah tidak diwajibkan memiliki kartu Asabri.*"
Bagaimana caranya melakukan Enrollment atau pendaftaran ASABRI STAR,"Metode Enrollment atau perekaman wajah dilakukan dengan 3 pilihan metode yang dapat digunakan sesuai kebutuhan. Metode tersebut adalah :
1. Pendaftaran langsung melalui aplikasi mobile yang datang langsung ke Kncab Asabri atau mitra bayar
 2. Pendaftaran langsung melalui aplikasi website.
3. Pendaftaran melalui Whatapp
           "
Bagaimana cara autentikasi pada ASABRI STAR,"Tutorial melakukan autentikasi pada aplikasi ASABRI STAR yaitu :
1. Masukkan Nomor Pensiun penerima pensiun
2. Klik Cari
3. Lihat Status Enrollment pada aplikasi, jika sudah enrollment maka dapat melakukan foto wajah penerima pensiun dengan menggunakan menu Auten kamera depan / Autan kamera belakang pada aplikasi ASABRI STAR. Jika status belum enrollment maka penerima pensiun harus melakukan enrollment / pendaftaran ASABRI STAR terlebih dahulu.
4. Ikuti gerakan Avatar.
5. Apabila berhasil akan muncul notifikasi Autentikasi Sukses."
Bagaimana cara syarat jika gaji tidak diambil beberapa bulan ,"Untuk mengurus hal tersebut harus dilakukan UKP tanpa perubahan data, adapun persyaratan yang harus di lengkapi oleh peserta yaitu:​
1. Formulir Pengajuan;
2. Fotokopi Keputusan Pensiun;
3. Fotokopi e-KTP Pengaju; dan
4. Fotokopi Buku Rekening Tabungan"
Apa facebook asabri,facebook asabri adalah asabri_official
Apa youtube asabri,youtube asabri adalah @asabriofficial5386
Apa instagram asabri,instagram asabri adalah @asabri_official
Apa twiteer asabri,twitter asabri adalah @asabri_official
Apa simulasi premi,Simulasi premi adalah simulasi nilai manfaat selama menjadi peserta Asabri
Apa itu maksud SBP ( Santunan Biaya Pemakaman),"Manfaat Santunan Biaya Pemakaman Istri/ Suami (SBPI/S). Ditetapkan sebesar Rp 3.000.000,00 (tiga juta rupiah). Hak SBPI/S diberikan apabila istri/suami peserta dinikahi sebelum peserta pensiun serta telah dan masih masuk dalam tunjangan keluarga."
Apa itu maksud UDW (Uang Duka Wafat,Uang Duka Wafat (UDW) diberikan sebesar tiga kali gaji pokok terakhir.Untuk informasi lebih lanjut dapat langsung menghubungi call center Asabri atau langsung ke kantor Asabri
